"Private debt, loans and debt securities (Percent of GDP)",1950,1951,1952,1953,1954,1955,1956,1957,1958,1959,1960,1961,1962,1963,1964,1965,1966,1967,1968,1969,1970,1971,1972,1973,1974,1975,1976,1977,1978,1979,1980,1981,1982,1983,1984,1985,1986,1987,1988,1989,1990,1991,1992,1993,1994,1995,1996,1997,1998,1999,2000,2001,2002,2003,2004,2005,2006,2007,2008,2009,2010,2011,2012,2013,2014,2015,2016,2017,2018,2019,2020,2021,2022,2023
,,,,,,,,,,,,,,,,,,,,,,,,,,,,,,,,,,,,,,,,,,,,,,,,,,,,,,,,,,,,,,,,,,,,,,,,,,
Bangladesh,no data,no data,no data,no data,no data,no data,no data,no data,no data,no data,no data,no data,no data,no data,no data,no data,no data,no data,no data,no data,no data,no data,no data,no data,1.754136275,1.358220669,2.061323557,3.277953421,3.200949366,3.709710611,4.218952962,5.0883903,5.368455502,6.767429898,8.863489157,9.825492846,9.617866555,9.998929472,10.92401886,12.11082203,12.17556506,11.637748,10.6330549,11.18041146,11.89453201,15.26493589,15.78744035,16.68453727,17.11028155,17.26266127,17.94149862,19.91758659,21.59122632,21.44894255,23.00325229,24.23407607,25.71466153,26.43920677,28.02917568,29.77364961,33.49438921,34.67894297,35.10688045,34.03751035,35.72738209,36.32359891,37.15370449,39.52696868,39.29559859,38.37858125,38.44018807,38.2671638,38.17774602,36.91534262
Brazil,no data,no data,no data,no data,no data,no data,no data,no data,no data,no data,no data,no data,no data,no data,no data,no data,no data,no data,no data,no data,no data,no data,no data,no data,no data,no data,no data,no data,no data,no data,no data,no data,no data,no data,no data,no data,no data,no data,no data,no data,no data,no data,no data,153.1443641,85.88851171,51.46446419,44.82435482,47.69837694,49.30538304,48.67074067,47.24879555,49.3003262,52.81356378,48.37710738,45.04425999,46.48237525,50.00290523,47.71663622,55.51750384,57.91636401,58.93654588,62.28654171,66.66591897,70.69591807,74.3641625,81.83140929,74.35761446,72.43577878,74.42777066,76.98903971,86.44194955,84.87223126,86.05300408,86.14817165
"China, People's Republic of",no data,no data,no data,no data,no data,no data,no data,no data,no data,no data,no data,no data,no data,no data,no data,no data,no data,no data,no data,no data,no data,no data,no data,no data,no data,no data,no data,no data,no data,no data,no data,no data,no data,no data,no data,61.66831313,70.78967192,71.83797173,68.22019071,71.53355517,79.82101237,81.59572353,80.09783383,82.27624205,75.90533784,75.24582386,77.9377345,85.20392623,91.69891319,105.6527271,105.9416723,98.42328059,102.3660888,122.2850438,116.0519944,108.5316763,108.759953,105.7589071,105.8276947,127.7556607,138.4228283,136.6459014,146.6867902,155.1276736,167.5883426,179.9263542,187.1290229,187.9477649,185.5352763,186.3720197,198.6909437,192.8082861,198.5289976,205.0831492
Dominica,no data,no data,no data,no data,no data,no data,no data,no data,no data,no data,no data,no data,no data,no data,no data,no data,no data,no data,no data,no data,no data,no data,no data,no data,no data,28.11954425,27.004688,20.87730205,22.21435629,24.74420709,25.32397699,27.29081149,27.92186973,29.68212736,27.59122854,27.59368214,23.60898708,22.82477851,27.86335624,34.30747878,38.82100756,39.50868334,41.77339197,43.68114318,43.77637153,46.49601233,45.42519364,47.22647477,47.09556481,46.86288898,50.43349038,47.85544928,48.1688522,45.37732157,45.4548022,48.58622168,50.41486211,49.12048257,48.95646196,48.91652083,53.10260776,55.61499738,59.1161341,57.62100491,53.67474167,51.30624182,46.94585492,51.00952286,47.17053436,40.40838204,53.24354699,50.06003122,47.04989233,42.11272072
"Gambia, The",no data,no data,no data,no data,no data,no data,no data,no data,no data,no data,no data,no data,no data,no data,7.346525726,8.051344077,7.163583092,7.667222287,7.761587134,7.117280562,7.470566309,6.59536639,4.612764227,6.413306461,6.144964744,4.448624154,5.86859075,6.356879367,8.792555581,8.067013857,9.444483939,9.141777518,8.218845313,9.468503262,10.67333012,11.32310893,7.388964127,5.165984049,5.315470671,4.964800819,4.675286217,4.526106445,3.054954724,4.52080219,4.625185206,3.945823658,3.677808407,4.241213968,4.558437144,5.009289628,5.05147923,5.552742543,6.793878431,6.689011291,4.932414142,5.74681387,7.108884361,7.427841144,8.593173592,9.048434442,9.382823759,10.25152679,9.866167429,9.777416796,8.575090523,no data,no data,5.4431293,6.448327947,7.656809961,7.584932474,8.362685318,9.065509668,8.462140156
Greece,no data,no data,no data,no data,no data,no data,no data,no data,no data,no data,25.57509547,24.88991486,27.64824021,29.30226552,29.32889854,27.81973197,28.52491804,31.23407106,32.34198331,34.01108058,36.79329515,40.44691031,43.42314214,39.26195334,41.45211881,42.90380822,43.34105158,46.36615148,46.79109961,44.70538866,45.0223635,48.55954507,48.37037245,48.58838451,47.60405912,46.5127078,44.29486155,43.62124145,40.78444219,41.80647213,39.22800068,36.62268341,36.41098128,34.70720576,35.29369252,35.94423598,36.48509365,38.41614057,41.70758071,45.10769594,54.05979442,61.15426515,64.96236407,69.09313272,74.24897711,86.40133144,93.34182802,102.1725472,113.8057543,117.2024913,129.6683979,133.1844953,135.2771995,133.4651587,132.7732515,129.4791769,127.5876218,121.0892498,119.7592752,111.0525701,126.3685819,122.9066162,101.5833867,96.82818087
Grenada,no data,no data,no data,no data,no data,no data,no data,no data,no data,no data,no data,no data,no data,no data,no data,no data,no data,no data,no data,no data,95.59622486,92.48603815,87.30887925,74.50675696,53.35859675,41.95377556,30.44082788,29.95154839,27.57837749,25.13369397,24.15790001,24.05239224,23.26561946,21.40304044,20.68127449,24.21666262,30.02250785,32.51149811,33.33030384,37.82177395,36.05737345,35.40693307,37.61747251,49.4496049,47.23182957,47.33198394,49.99333777,55.52417108,56.8696945,59.00194402,62.55811469,63.08048676,61.43223365,58.46473445,61.61799434,57.966498,64.87672874,68.79338036,70.076901,79.37726897,83.97993986,84.87602087,82.80481368,74.25666023,65.20633553,57.32142857,53.72278409,51.06690575,50.64570309,49.54706523,59.32010748,57.22524339,53.29114472,51.4327013
Guinea-Bissau,no data,no data,no data,no data,no data,no data,no data,no data,no data,no data,no data,no data,no data,no data,no data,no data,no data,no data,no data,no data,no data,no data,no data,no data,no data,no data,no data,no data,no data,no data,no data,no data,no data,no data,no data,no data,no data,no data,no data,no data,0.266544572,0.21444916,0.209178361,0.408509083,0.601524382,0.312950745,0.368202604,0.490034685,0.737911999,0.721272013,1.138148061,0.383077012,no data,0.636901086,0.844163681,1.224092448,1.911004001,2.963487354,4.859768361,4.112294359,6.057211071,8.16107664,11.72113345,11.4153926,12.90109963,7.33429242,6.577189815,11.2808236,13.38101427,13.80057841,14.7485053,14.29679669,15.35795001,14.04233936
Haiti,no data,no data,no data,no data,no data,0.230094851,0.361172185,0.504777896,0.584694382,0.627520807,0.742491227,0.811783924,0.770070975,0.862771593,0.885921804,1.272286709,1.292396396,1.600199398,1.380582559,1.540949714,1.776735885,1.62434929,2.038838544,3.005492041,4.124849011,4.488884861,4.820284353,5.362562988,6.334555869,6.384937288,5.994645182,6.226441654,6.080096807,5.718292006,5.460355806,4.98214893,4.486816258,8.683757826,17.25387922,22.43829492,21.11455966,20.25645758,23.39910158,18.53732709,7.215165798,7.226999905,7.246246084,8.928397333,7.988016864,8.137524194,8.749630543,8.036659981,9.730476415,9.792864586,7.931676795,8.272906115,7.995419494,7.270853163,8.088128434,7.749323253,7.268342344,8.026720725,10.31472354,10.27611,10.86010049,10.22691753,9.996235587,9.406423457,10.71774888,10.09113722,8.159546999,8.010298922,8.000480832,4.964750785
Honduras,2.977205869,2.519577108,3.161189689,3.468299813,3.972414347,4.38533843,4.665297177,5.258223621,4.85132651,5.087042111,5.319026078,5.439675862,5.478727075,5.752948333,6.179577333,7.117166245,8.369840662,9.77946472,10.24145127,12.35177512,13.14035222,13.34819472,13.58481848,15.14125943,15.41910644,17.59811948,18.26253667,18.8868458,19.02875363,18.82518032,18.26773058,19.29236391,20.39115034,21.55319277,21.55525033,22.58266102,22.70893652,23.95465812,22.63518966,21.42036313,18.75937881,16.94582632,19.22241626,18.66014444,19.17668816,17.68995411,19.83021748,25.74912129,30.27565632,33.92657571,33.4896624,35.62570485,34.94822084,35.47026297,36.44958678,37.52969351,43.36302811,50.88104757,49.87298999,48.8383752,46.4691374,46.71965455,50.75875965,54.22628239,54.58518878,54.1482612,56.71245796,56.73040907,61.29689845,62.95200783,68.97469213,65.49400207,68.37391324,73.83269106
Hong Kong SAR,no data,no data,no data,no data,no data,no data,no data,no data,no data,no data,no data,no data,no data,no data,no data,no data,no data,no data,no data,no data,no data,no data,no data,no data,no data,no data,no data,no data,99.7551934,100.3212352,109.0112798,126.2863167,143.9524502,146.5316961,130.1325995,128.7735459,131.4776336,132.4864288,137.7939697,156.1190848,166.3178464,150.9864419,142.7209281,145.491231,146.3101533,157.4786015,165.0120902,175.1746253,174.4755266,166.0641271,162.8773362,161.8805549,161.0092959,168.721517,169.7600287,173.7213774,176.0643549,186.9577333,191.8357845,194.2666695,224.5621877,237.1329022,238.5900457,264.1259315,283.7848589,297.4931201,306.4822986,343.3512645,335.3063328,349.4545912,384.0411796,368.8072726,374.0521207,363.3883944
Hungary,no data,no data,no data,no data,no data,no data,no data,no data,no data,no data,no data,no data,no data,no data,no data,no data,no data,no data,no data,41.54430993,39.24309758,43.63488533,43.43746846,44.03969721,49.36981845,50.40410225,54.6687677,57.57904071,62.83781585,65.15438094,66.3006699,66.28928478,67.59874831,69.66750127,70.52027631,71.74247624,74.47629963,75.27038742,70.76653189,66.86658248,65.42017756,56.14198291,48.72768851,46.96951844,49.25082982,44.94382234,48.02330874,49.55634463,49.17895254,53.36496199,60.3377336,62.12210368,61.48681712,71.78061738,77.11165929,87.73378548,93.23510619,108.2750736,117.036079,128.4187122,125.4638505,125.7150573,115.2760781,107.8543774,104.6517623,94.66483445,89.71939587,83.59402962,82.1520461,82.29220563,91.90225081,101.6937259,102.5045144,91.70396273
Israel,no data,no data,no data,no data,no data,no data,no data,no data,no data,no data,no data,no data,no data,no data,no data,no data,no data,no data,no data,no data,no data,no data,no data,no data,no data,no data,no data,no data,no data,no data,no data,no data,no data,no data,no data,no data,no data,no data,no data,no data,no data,no data,74.35674802,81.37453384,85.41502071,87.98143779,90.31279667,94.68119169,102.1589312,106.5124625,106.6544142,115.2022124,119.8104851,116.2326877,115.9083673,121.0216496,121.2405299,125.9758984,120.0925949,121.0518539,120.6915329,118.048574,115.6371017,111.72128,109.7803771,108.8570346,109.9018149,109.3816676,109.6191421,108.9331245,112.4425175,114.1181121,112.7613237,110.6054139
Italy,23.33490401,24.2838133,28.52582506,30.99945942,34.28488584,36.43321473,39.15108837,40.68879295,41.95498977,45.33815567,47.38344301,51.15684493,55.62728134,59.17888763,58.70687908,60.14191568,62.58338713,64.80454856,66.93365889,68.78237804,68.59154892,72.40947112,75.74420911,72.9868397,68.55026085,69.67043409,63.17564573,59.55831745,53.97963888,51.4127662,49.34034904,48.9219073,46.94124011,45.60793276,48.91075103,48.97175693,48.95732365,49.84649481,51.96581049,55.1356403,58.77532625,60.87397733,64.28262763,64.70261567,61.79557674,69.97104963,68.2034096,67.7659705,68.1056533,75.48364039,79.40740096,82.78217703,85.27014837,89.41208609,93.31166225,99.0835786,105.2532837,112.9638769,116.4749444,124.9935331,125.6213232,124.7199557,126.8822963,124.9462099,123.1110122,118.9053103,115.0109064,112.2555487,110.4021642,109.3534129,122.196853,114.9089374,108.2401268,100.9269316
Japan,no data,no data,no data,no data,no data,no data,no data,no data,no data,no data,no data,no data,no data,no data,109.7508027,116.8430767,117.4509033,118.163367,115.9180407,117.6375012,117.7670861,130.7790185,139.4300886,137.7652014,131.6580282,136.3275849,137.426631,136.0072236,135.0909451,137.3936736,139.8920633,143.3695731,149.1502979,155.680598,159.3792662,161.9966551,168.2729216,183.5616336,190.0049405,200.9223204,207.5258999,206.1943296,208.5791988,213.5482454,214.2108432,212.4835127,208.5345488,206.2989966,199.2818977,196.4657709,187.6200791,182.8709617,179.0844318,171.1104117,163.9731062,162.5276142,161.1122406,158.76986,163.8239124,170.3215188,162.7725997,163.0558308,161.0502911,159.5667864,157.8076105,153.8360515,155.4614867,156.0539386,159.4063454,164.3289995,183.2491057,183.6203075,185.528863,180.3068677
Jordan,no data,no data,no data,no data,12.61560982,17.7718415,14.27252206,17.24757411,15.26749437,17.5780438,18.67820046,19.83514998,20.29711143,25.16059427,22.53379091,21.71817214,23.40333139,19.88869769,20.24123805,19.89630661,20.98667898,20.27047453,19.39543591,22.84426023,27.3090643,31.18089799,35.36453439,32.19024913,42.18598593,50.18549757,51.6346666,52.87493778,56.73168311,61.73887308,65.91495445,67.25147612,64.0133058,65.55569434,69.07718656,71.65277815,69.02145865,69.11400227,61.27237652,66.62579999,70.49453765,75.53178388,75.93138567,76.13545282,73.80968848,75.74058286,75.75935247,78.83766613,74.15396285,72.14356782,75.53831941,88.46816772,91.44243125,92.63708091,82.83783599,84.0594792,80.76797301,80.37629728,79.10554999,80.0749791,76.79399727,75.83968024,83.22071343,77.5,78.5,78.4,83,84,88.1,82.6
Kenya,no data,no data,no data,no data,no data,no data,no data,no data,no data,no data,no data,6.427605718,6.154126401,6.778365096,7.208961201,6.914974613,6.40802848,7.630093167,6.782888103,6.853123707,8.165476353,9.423174959,8.572632496,9.373637375,9.458640429,8.572741827,8.737389916,9.255420294,11.44606335,11.32535258,11.78335175,11.3658724,10.77766306,10.24375898,10.04492939,10.18482366,10.10725494,9.680961477,10.05566644,10.20262342,9.881906982,10.62343315,12.07335591,10.15236836,11.30026529,14.58025445,14.34675971,16.16882699,16.26783593,18.3217213,17.8763351,17.41343581,17.75734789,17.02068454,18.79515513,18.34234819,19.61613391,19.83784669,21.77489257,21.54829134,23.53105708,26.60311044,25.79013272,27.78274594,33.78289882,36.02218956,34.7370994,32.39339927,30.64212839,30.17358724,31.37817325,30.33498234,30.39620708,30.791225
"Korea, Republic of",no data,no data,no data,no data,no data,no data,no data,no data,no data,no data,no data,no data,25.82629235,23.27867047,19.15183981,23.13717694,25.66780063,35.51873869,43.4212055,52.74711086,53.16537824,56.53166582,55.96230127,57.22887674,59.27362188,52.58750137,49.74781269,50.37262255,54.45713255,60.39912607,74.93958668,80.53686579,90.32290749,92.36901005,96.18655724,102.9176084,100.9888834,96.70329566,92.10647944,104.4070746,111.8191735,117.7475071,121.7934721,126.3045044,130.4316397,131.6941448,140.5197103,154.7464867,153.7465337,139.6386441,133.3803013,134.6894139,141.0487587,138.0297877,129.6925026,131.6909219,142.2066594,147.9032977,161.5207874,166.6088746,161.7547139,165.703111,167.8142928,168.35706,171.3435181,172.2692294,172.5710348,172.6398498,177.2069113,185.0776855,200.6311834,205.6005613,209.869409,207.4091032
Kyrgyz Republic,no data,no data,no data,no data,no data,no data,no data,no data,no data,no data,no data,no data,no data,no data,no data,no data,no data,no data,no data,no data,no data,no data,no data,no data,no data,no data,no data,no data,no data,no data,no data,no data,no data,no data,no data,no data,no data,no data,no data,no data,no data,no data,no data,no data,no data,12.53916049,8.659318869,3.413055593,5.27699275,5.022240686,4.098745523,3.762690622,4.110888042,4.724510757,7.030383262,7.875606348,10.47709088,6.073687747,13.54153263,12.56521373,12.06338452,11.1205562,13.1203983,15.39837226,19.77915491,22.37740259,20.19410351,21.01272074,23.00257199,22.85251368,26.16799918,23.71371344,20.39500677,21.29634132
Luxembourg,no data,no data,no data,no data,no data,no data,no data,no data,no data,no data,no data,no data,no data,no data,no data,no data,no data,no data,no data,no data,no data,no data,no data,no data,no data,no data,no data,no data,no data,no data,no data,no data,no data,no data,no data,no data,no data,no data,no data,no data,no data,no data,no data,no data,no data,112.7502005,114.1618243,164.7559446,133.20733,134.5600279,129.5478572,171.0601803,181.3434835,237.0125785,217.3902247,207.9786004,214.9020778,334.4517678,317.7537391,363.1535414,330.9411901,346.6972299,359.6009139,363.3367553,381.9946593,388.4434594,376.4848839,371.7989713,381.4677684,393.9389571,408.7591806,414.3887298,385.4665808,385.2983935
Malawi,no data,no data,no data,no data,no data,no data,no data,no data,no data,no data,no data,no data,no data,no data,no data,2.271967441,2.243819477,2.499749203,2.859198432,3.349092965,3.714743971,3.988362472,3.896450001,3.376796701,4.08176218,3.797522363,4.676434843,4.939077982,6.26002939,8.40677506,7.498897706,7.088832445,7.202101246,7.259119583,5.477912506,4.477914926,4.404000008,3.273028571,3.122726601,3.736864079,4.486921566,4.362924393,5.586158749,3.436415744,4.602879937,2.402114402,1.65010273,1.499451386,2.619394709,1.94443576,2.295148665,2.139645872,1.950914856,2.227989804,2.612730423,2.871235799,3.623928886,3.890770076,6.47263007,7.723565068,9.822172813,9.895160322,10.35103885,8.844489848,8.099173758,8.667008829,7.354107946,7.293126989,6.671717052,7.094879238,7.627617206,7.986283,8.383365202,7.968612343
Malaysia,no data,no data,no data,no data,no data,no data,no data,no data,no data,no data,no data,no data,no data,no data,12.16906301,13.89650062,14.36906905,14.43897559,16.11345352,19.05887687,21.76610396,23.23305036,24.26754924,29.66446556,28.94187077,32.46869231,35.74246224,38.30650029,44.30011545,47.74494601,57.72828788,66.84618236,72.3554568,81.60328163,85.8179059,105.1366177,119.1040465,107.6624451,105.1167746,111.9732156,122.2673559,129.2597576,129.2495369,128.2905787,132.2408658,151.986166,173.9686916,198.2262132,196.8154559,179.0064474,159.7189877,168.08253,164.9907635,156.7572545,150.5365077,149.3500723,142.2636378,136.1313513,133.1916477,152.2253873,148.3453446,150.7585827,153.5261698,159.1553454,157.2532437,165.6881696,166.2316546,161.8849968,163.9949992,164.1586977,181.6950419,174.6444442,154.2460466,159.1643334
Maldives,no data,no data,no data,no data,no data,no data,no data,no data,no data,no data,no data,no data,no data,no data,no data,no data,no data,no data,no data,no data,no data,no data,no data,no data,no data,no data,0.791205165,6.034788177,4.201718262,4.095328274,3.454541359,9.160294197,15.54756072,18.82675059,23.30604259,19.18507433,15.97406985,13.03718238,10.07945249,10.6617891,11.47489259,9.130252735,7.873032114,10.41554892,11.35713739,11.84303504,11.46167314,12.86869694,15.22383376,14.50738023,14.78781533,18.44349067,19.66739881,16.54894376,22.45114983,37.80756158,41.49905694,52.15391686,55.55945743,51.44050308,45.69285612,39.5782247,32.59086412,28.79447599,26.3720644,26.44655835,27.34337411,27.82778426,27.58627284,28.01448746,47.33950954,34.65932851,30.77532921,31.50147281
Mali,no data,no data,no data,no data,no data,no data,no data,no data,no data,no data,3.329210028,3.659576755,4.819851078,1.542678595,1.527185049,1.479739844,0.514930246,0.546877267,7.245949785,9.583367201,8.878554564,9.065278894,11.15401491,10.41675342,15.04732564,21.48402315,23.65238539,16.69956396,19.34448537,18.83160242,19.12539428,19.39334688,19.71695579,18.82530737,11.36152695,12.9991259,14.51401398,13.74536503,10.1863502,10.93818252,9.595425139,9.347888994,10.32367226,9.87157259,6.057980932,7.901736442,9.876782417,10.55384198,12.82038273,13.542758,13.49768263,13.48324717,14.64622514,14.85712426,16.86609297,14.6818997,15.32156318,16.10946266,11.77818226,16.27808644,17.86766515,18.25997868,19.41135576,20.78244141,21.95325043,24.88256107,26.31227965,25.85396224,25.53212791,24.41026028,25.67260298,27.54308401,30.45689727,28.42665841
Moldova,no data,no data,no data,no data,no data,no data,no data,no data,no data,no data,no data,no data,no data,no data,no data,no data,no data,no data,no data,no data,no data,no data,no data,no data,no data,no data,no data,no data,no data,no data,no data,no data,no data,no data,no data,no data,no data,no data,no data,no data,no data,5.817327237,5.828260531,4.979409431,3.674130036,6.663622931,7.673323621,6.890569269,13.81564055,11.74351389,12.33864071,14.65807131,17.08665217,20.22617613,21.13862743,23.36430349,27.22968354,36.62604224,36.2105518,35.67775655,27.674478,27.65064122,31.7801107,33.39942409,28.30874129,26.3501226,21.95629379,19.53448152,19.14174377,19.90230395,23.03361268,23.16605088,22.00277037,20.76681689
Mozambique,no data,no data,no data,no data,no data,no data,no data,no data,no data,no data,no data,no data,no data,no data,no data,no data,no data,no data,no data,no data,no data,no data,no data,no data,no data,no data,no data,no data,no data,no data,no data,no data,no data,no data,no data,no data,no data,no data,2.203732607,3.829448648,2.797873217,10.32330043,11.74285645,8.399557984,8.317917827,8.297431766,7.301279855,8.781830705,9.476747158,10.28902396,11.75264772,8.74837075,8.818967295,7.767491257,6.592418515,8.579516506,9.590824392,9.82833324,13.69986584,19.2826716,21.19963178,20.41730821,21.90573389,25.7762412,29.65148025,31.37846323,30.62283392,23.73118528,21.18363977,20.33235008,22.80917867,21.84177526,19.4660857,17.41231714
Nepal,no data,no data,no data,no data,no data,no data,no data,no data,no data,no data,0.887966807,0.880822677,0.934605706,0.858271365,1.027963929,1.330152501,1.18383554,1.295187345,1.666770102,1.813660553,2.028497567,2.897246634,2.781943236,3.229881443,3.339284767,3.612879767,3.087511887,3.596038976,4.302253366,4.812408711,6.445516942,6.905215766,6.760145859,5.904004399,6.039236129,6.77112083,7.457400547,7.383280496,8.416950488,9.326175427,9.073142373,9.424972902,9.523679535,10.37735017,13.3122713,16.42923808,16.61583156,16.99861427,20.52557282,20.69779669,22.03067872,22.71559478,19.71676338,22.61444251,23.26444079,24.72490959,28.57774046,32.22140458,44.84468141,51.48132475,47.48153988,45.96092143,48.30907409,50.10692152,54.13192224,56.59151782,69.53267638,68.88714954,75.94562223,78.61090713,88.10863687,103.2653573,94.08601657,91.3722179
Netherlands,no data,no data,no data,no data,no data,no data,no data,no data,no data,no data,no data,47.48383647,51.88553294,55.74702864,56.41685823,58.19749792,60.05414367,64.91173089,69.12677492,63.95398055,66.01761537,66.19520765,69.67340682,77.40627489,82.00782861,83.0710365,88.23398488,98.56143185,111.4927036,121.3995102,125.217073,126.7249985,126.2208964,128.1747213,128.7521295,128.376681,134.7696547,141.2100864,151.9550714,155.5353092,162.8988064,165.5057883,171.8443974,174.6207112,179.7657777,179.8561958,187.1329279,192.2125737,202.6952758,214.0080877,219.7332543,216.7003837,216.5398359,231.3301003,231.3409447,235.6375266,231.3614574,230.5551764,233.1990376,248.8615031,262.2449932,272.9723344,278.0835632,278.1569699,284.0561899,281.0522401,279.7732496,269.4743767,259.3841018,244.6606095,246.6678833,234.1533285,216.7664165,198.8685827
Nicaragua,57.58603841,56.82488799,60.88820249,76.13559835,102.0482074,103.9530538,113.4966331,96.60107581,98.73045476,80.48955781,83.19619119,80.57209067,80.61873229,79.67679117,69.47251431,63.62702362,60.23988174,50.42661519,42.86516548,33.7184026,27.92376622,22.90420936,18.78600222,18.84946685,19.44525697,18.16046802,18.74783448,18.49107642,20.93471802,36.96743149,37.21942894,40.48342801,42.55478018,21.57769948,13.52497714,12.4726337,12.51266173,10.12597192,11.96697513,5.111295115,11.00066861,7.12140727,10.45276148,13.05182788,15.6987873,16.54706259,12.86624446,16.17155654,19.80707677,23.1411149,23.51534664,13.67067045,15.08254687,17.63139292,19.57872588,22.5502809,26.38782611,30.12194869,28.14050235,25.38080418,24.26500796,23.94891192,26.74205325,29.36941104,31.17096795,34.14489092,36.6938817,39.08374145,35.96785563,29.83403559,27.73761841,25.54294924,26.11781498,26.67097837
Niger,no data,no data,no data,no data,no data,no data,no data,no data,no data,no data,5.600292969,5.857210914,7.828474492,8.25895792,10.01562312,11.8633879,9.905805782,9.473809132,12.24478258,10.68132668,9.603084442,9.255164146,10.07060035,11.9591745,18.46687674,19.05167411,13.09680996,12.50792068,16.6605066,19.27268574,19.09743713,19.75333228,19.06937152,19.55591918,19.26755425,17.76114648,19.63622684,18.32279987,17.89674046,14.71602318,13.9694471,13.05565887,12.96682826,12.04426662,10.64726751,5.860245083,5.64779638,4.266791325,5.077030325,4.900529987,6.190777954,5.902143139,4.403641296,4.569439182,4.340939338,3.826515027,3.751566143,6.968051545,7.962040673,8.800236581,8.928791981,9.778993191,9.860429143,10.35367375,10.58844696,11.16097887,11.41156767,11.29645001,10.08947794,11.06350464,11.47963116,12.69686903,12.39179021,10.9524321
North Macedonia ,no data,no data,no data,no data,no data,no data,no data,no data,no data,no data,no data,no data,no data,no data,no data,no data,no data,no data,no data,no data,no data,no data,no data,no data,no data,no data,no data,no data,no data,no data,no data,no data,no data,no data,no data,no data,no data,no data,no data,no data,no data,no data,no data,no data,no data,no data,no data,no data,no data,no data,no data,no data,no data,no data,no data,34.96587101,48.37556833,60.36604157,71.1606805,75.2452807,76.42290992,77.65149033,82.82727405,82.19719553,85.18676204,88.33621691,90.70951506,91.56199378,91.57122786,92.80824868,97.49691543,98.26290481,99.13827527,97.96158465
Norway,no data,no data,no data,118.981355,119.2777985,116.7606664,106.2702538,105.4245316,109.9502377,111.2329565,117.2004073,118.9888008,119.1782625,118.182473,116.1591911,111.8816758,114.3437744,113.2757876,115.3602174,120.1601862,114.9288586,115.3324532,117.3948231,116.0873877,112.7683816,119.7252696,124.33401,134.040538,133.8081439,130.2430323,124.3801822,122.1745527,130.0508254,131.9413062,139.3586397,142.9315685,161.1382821,169.0616263,175.4101891,175.3642556,170.7812904,158.887491,164.3636091,156.0759878,146.6131249,142.0929897,139.3523869,150.4776841,165.253166,164.2290661,156.3084608,164.0005898,173.6268696,176.3777836,181.5671517,180.9205433,182.4658228,200.7082529,214.7283709,224.2472062,224.4616944,217.288266,224.4393468,222.2256487,227.9407434,248.2319724,254.9971037,243.4904836,232.6850602,246.5817296,276.758932,237.5930693,201.4812924,229.2078749
Poland,no data,no data,no data,no data,no data,no data,no data,no data,no data,no data,no data,no data,no data,no data,no data,no data,no data,no data,no data,no data,no data,no data,no data,no data,no data,no data,no data,no data,no data,no data,no data,no data,no data,no data,no data,no data,no data,no data,no data,no data,no data,no data,28.16871561,26.42853875,23.03857818,22.14324733,25.8514642,27.35759107,33.67742527,36.87570893,39.60610591,42.34056064,48.95348381,47.82446977,42.76161555,43.31154299,49.95065602,56.85182274,69.849673,69.69124822,73.04943925,77.14453688,77.36008319,79.83076155,82.6976036,83.95794738,86.95379556,82.14403513,81.3936849,78.75422582,80.5551986,75.73448142,67.0351266,60.61587271
Portugal,45.45760261,43.66679675,43.98786157,42.07896174,45.49884738,49.67368337,51.36206176,56.20292789,61.2895935,59.75762879,64.3306261,59.86269543,64.67939012,67.68980342,72.9972589,75.23053483,78.97018724,75.00968581,79.82422252,88.66179968,88.85118877,98.04414324,108.2532197,119.6138932,117.0101049,119.1634549,120.8498969,116.9737885,115.233925,112.2567184,111.7985288,119.8159089,130.1944845,135.452963,133.973211,118.029568,102.1273848,92.90862729,88.10377442,83.50096746,76.53674717,81.89929547,85.43803481,94.81542646,96.47043422,93.4216645,102.2791346,106.1341198,118.9070114,131.2095904,142.7525708,154.3515711,160.2941197,167.5714976,176.6376527,180.8641543,184.2393017,193.9009616,206.2882322,215.388641,217.9941295,223.2012957,231.600232,220.1407336,208.2457642,196.7011883,184.3006963,176.7232074,167.0606216,160.8883884,176.6192613,169.380426,153.5143263,138.0905753
Saint Lucia,no data,no data,no data,no data,no data,no data,no data,no data,no data,no data,no data,no data,no data,no data,no data,no data,no data,no data,no data,no data,no data,no data,no data,no data,no data,35.16271902,30.89214113,33.66682175,34.30750379,32.78067504,35.60076319,35.28625255,39.83589972,39.10853016,35.10030068,32.88216622,30.11797954,30.86265106,34.63384309,39.54534991,36.99532336,37.68325701,37.40204592,43.65205421,44.68393964,45.98490637,50.3322397,53.88125909,53.15816277,56.04821757,58.88028088,64.03219356,63.97647487,56.23475319,57.3404674,62.57064203,69.74203185,86.01979899,89.56846689,93.63571861,90.84824075,88.14979927,92.84927856,89.38869542,79.35748613,70.90516055,64.04534523,58.87367509,55.90268761,53.95976897,78.51797359,62.98703583,51.03618742,50.6178067
Saint Vincent and the Grenadines,no data,no data,no data,no data,no data,no data,no data,no data,no data,no data,no data,no data,no data,no data,no data,no data,no data,no data,no data,no data,no data,no data,no data,no data,no data,25.63537848,21.03947489,24.92982121,27.05521659,26.2170172,28.33497233,29.5231693,25.31563311,27.36265361,23.17083569,25.27888816,23.06543341,25.80247652,27.23511274,30.31580065,29.15307373,32.12049704,31.88772114,31.85985827,33.78287999,37.66022794,41.26172426,44.09599381,44.64920568,47.89195493,51.24287457,48.5293607,48.09423593,46.37664112,43.31809831,43.31345777,44.61127552,46.2682263,46.40558407,48.55204943,49.00963673,50.19524721,51.49668556,49.75579181,49.25441114,49.46086084,48.05936743,46.70711474,44.43159449,43.6127963,47.51779875,46.22413724,41.18967408,39.30670155
Samoa,no data,no data,no data,no data,no data,no data,no data,no data,no data,no data,no data,no data,no data,4.260200989,4.141688306,5.702880845,4.976464219,4.721876338,4.181752977,4.293804025,4.839791168,5.150594093,7.503725711,5.613489729,7.152030997,6.585273047,8.665693162,9.259779348,12.18075992,10.54366372,9.729744916,9.732854168,9.606463184,9.12809879,9.244969846,9.451827737,10.61235026,12.42386819,13.90642646,13.19805287,13.99251257,14.95259625,14.91595044,15.97764868,18.88264588,15.76494841,18.65624389,19.56075025,20.61741577,25.41258375,28.89625584,29.21209833,30.38409794,30.43459316,31.44430892,35.02914399,38.45249513,36.57744362,35.52198355,35.16715659,37.89127116,39.41539507,40.08222927,39.68919826,42.79059233,42.21030489,44.64023947,45.31666095,46.98747159,47.44869781,48.98083934,53.73708769,53.0566971,44.12750692
Senegal,no data,no data,no data,no data,no data,no data,no data,no data,no data,no data,12.01748853,11.51393317,12.49962031,12.10175466,12.57421367,12.83020092,11.68944409,10.38282211,11.94791552,12.76002257,12.37525574,12.5858037,13.27427612,17.255951,20.2843587,17.08590355,17.86468211,18.84633851,24.98628654,25.20725765,23.96078183,24.72194926,22.88838279,22.93169751,20.81298047,19.60087541,17.75562297,17.52040118,19.20877083,18.62324602,17.42725194,16.52483656,17.36480201,17.48883029,10.86964949,9.68022148,10.44076124,10.23790525,9.505230836,9.744563699,11.87603726,11.19453708,11.84778981,12.98419499,14.24990336,15.52186597,15.65983038,16.04907707,18.72939288,19.26778749,21.16290053,23.70812569,24.25352066,26.1211625,27.15224257,27.13820214,27.60526285,29.47436356,29.50539287,29.47603699,29.30046096,29.81109544,32.21601868,31.11632781
Slovak Republic,no data,no data,no data,no data,no data,no data,no data,no data,no data,no data,no data,no data,no data,no data,no data,no data,no data,no data,no data,no data,no data,no data,no data,no data,no data,no data,no data,no data,no data,no data,no data,no data,no data,no data,no data,no data,no data,no data,no data,no data,no data,no data,no data,no data,no data,66.46549674,60.77439091,59.20298329,62.8713706,59.1043784,47.34942042,46.80872733,50.85039982,46.72958932,46.99968814,49.05666357,52.24630288,61.02125598,65.23089932,70.25532214,67.44826583,71.79483965,75.16497124,79.09019395,84.15982796,84.83476025,93.98585617,96.59713783,95.94401984,96.99140947,101.1211367,99.59010261,99.22432171,90.46125485
Slovenia,no data,no data,no data,no data,no data,no data,no data,no data,no data,no data,no data,no data,no data,no data,no data,no data,no data,no data,no data,no data,no data,no data,no data,no data,no data,no data,no data,no data,no data,no data,no data,no data,no data,no data,no data,no data,no data,no data,no data,no data,no data,38.84082669,25.87355799,28.62096184,33.53339719,41.32693726,41.61739321,41.9741776,49.09741222,54.83689926,59.70797966,63.25510576,65.5959777,69.35849734,73.98238032,83.99539732,89.53492806,104.1897729,114.7187403,123.8153293,124.9508441,124.6812472,123.697008,117.6373771,107.1605083,95.44302168,88.02490412,82.49227529,78.43047499,74.58873996,75.42794224,72.34112554,71.50521233,65.38795618
Solomon Islands,no data,no data,no data,no data,no data,no data,no data,no data,no data,no data,no data,no data,no data,no data,no data,no data,no data,no data,no data,no data,no data,no data,no data,no data,no data,no data,no data,no data,5.196074789,9.12336042,11.42711288,12.68779212,11.98433195,9.876904357,12.91915272,19.21430257,20.08010627,17.7795144,19.10338946,24.00360962,15.74297157,12.82823634,9.901237001,9.64463208,8.765267311,8.330161106,7.787047862,7.974981233,8.729392878,8.843385844,9.936671625,7.99105216,8.213378032,8.944706271,8.710414849,11.50561888,15.98472293,21.19915858,23.4832738,20.56976928,17.02703117,15.16291932,14.51752954,15.51131936,17.22605115,19.12985304,20.24318719,20.35541346,19.10171338,19.64667313,20.67741948,21.20711805,20.43732448,19.98281381
South Africa,no data,no data,no data,no data,no data,no data,no data,no data,no data,no data,no data,no data,no data,no data,no data,46.91784352,45.52989667,45.1246673,46.48915797,48.75263206,50.24268314,49.34050669,51.51169866,56.98092642,55.83141183,56.05046886,54.96677374,53.76805376,52.67426838,51.16509981,48.99270607,53.65744985,55.11466289,57.21355846,60.08217242,64.04190111,56.30241042,53.42927939,55.83735463,55.6679193,55.70956667,55.21621006,53.14102384,50.25280981,51.96150375,52.91145784,55.18506592,57.29298975,62.10742634,61.0521881,58.5256633,62.1440536,54.39754711,57.82780316,58.21125577,62.55846489,71.43075845,76.14570722,78.58020524,74.96139364,72.21287513,70.75722104,73.01741119,73.48216979,73.23880051,75.82381713,74.0064775,72.82520488,72.00377014,72.47256857,73.2351207,65.93267591,67.19323185,65.23466068
Spain,no data,no data,no data,no data,no data,no data,no data,no data,no data,no data,no data,no data,no data,no data,no data,no data,no data,no data,no data,no data,70.86993429,72.4644392,75.60902164,79.35444038,80.38521913,83.37561591,85.05651723,80.33904023,75.30253528,75.04772887,77.41882044,81.04615883,82.23566295,81.42543988,79.01275979,75.0065832,70.65095936,69.33412638,72.4387116,75.34868222,75.87039454,77.72574757,78.1836787,78.2616138,74.76614484,79.86872609,79.5020309,82.78535795,88.77328961,103.7799752,117.9301356,126.8414085,133.3445816,143.259045,156.5816996,173.5007898,194.5667359,208.8945107,213.6480252,222.0338493,223.1042246,218.5983775,210.5364665,201.0314415,188.6176319,176.3260823,167.8479421,158.780931,152.9395946,148.6805561,168.6811357,159.1733213,141.5584557,125.4715269
Sweden,no data,no data,no data,no data,no data,no data,no data,no data,no data,no data,no data,104.9912655,107.3594002,111.5800079,111.8980761,112.238468,113.4956939,116.2465216,122.7377096,120.5370378,113.4837794,112.6576278,113.8286428,114.2876493,112.7975705,106.6374272,104.7681477,107.0289124,106.8212383,106.420584,101.2493179,103.1003178,105.9805968,104.7103944,105.0795306,106.6996715,115.7097829,124.8998918,136.5403247,147.8103174,154.8897986,145.7898229,151.7096321,151.3999087,141.5897596,132.229792,130.8297325,137.230067,141.9103296,147.3197398,154.2799359,161.9199353,161.1302481,158.1599415,158.6097758,167.1202851,141.1400904,161.6200974,188.0498347,201.2101807,189.319947,192.8902587,195.8902093,210.129945,202.75,212.1,212.109952,218.5998109,215.7001787,225.1500446,238.9500948,242.2300883,239.8999598,211.1401342
Switzerland,131.0282102,128.0374211,126.7132984,126.8963727,128.3166833,127.6322753,128.3681254,126.6609055,129.4048739,132.4452491,135.8218152,137.3889035,137.3171258,135.746278,137.6788803,139.5853528,140.0865048,142.4088197,148.299079,156.177042,154.5276895,148.707485,144.7808806,141.3538498,119.40088,131.1012875,139.9601825,148.9781146,154.9613949,158.0014492,158.0204321,155.7901906,155.7045645,161.0514344,160.8202866,162.0915848,166.8394713,174.1895758,185.6653183,196.6034016,196.6197978,195.6196792,195.6136201,190.8302287,190.6781265,193.1988712,196.478152,195.3768758,191.5900689,199.7699379,191.2789634,186.7958142,187.9558856,195.7154992,194.4086317,195.6794334,193.1500302,201.3332234,198.5835017,214.54233,214.5826786,221.5159217,229.1349942,230.0655123,229.9194905,234.0539794,241.1124656,251.1644757,244.4663395,266.0444871,276.7903064,279.4475921,270.4067024,264.5763208
S?o Tom‚ and Pr¡ncipe,no data,no data,no data,no data,no data,no data,no data,no data,no data,no data,no data,no data,no data,no data,no data,no data,no data,no data,no data,no data,no data,no data,no data,no data,no data,no data,no data,no data,no data,no data,no data,no data,no data,no data,no data,no data,no data,no data,no data,no data,no data,no data,no data,no data,no data,3.844664579,2.471595582,2.433887563,3.859188543,3.884343044,3.741544899,3.984665926,5.503122396,9.756897733,16.30631009,23.5763669,26.98034423,30.35978853,26.43532831,31.91678465,36.86395039,38.27018415,38.86072248,33.77860728,29.08967848,28.84155818,26.74942519,25.04360864,21.34863647,19.46326118,17.28979827,15.15341978,10.56847567,6.402291235
Tajikistan,no data,no data,no data,no data,no data,no data,no data,no data,no data,no data,no data,no data,no data,no data,no data,no data,no data,no data,no data,no data,no data,no data,no data,no data,no data,no data,no data,no data,no data,no data,no data,no data,no data,no data,no data,no data,no data,no data,no data,no data,no data,no data,no data,no data,no data,no data,no data,no data,11.69757628,10.94307865,14.04999378,14.8279793,12.89292427,12.03817187,4.344133997,6.370871572,7.25390602,12.04487033,13.29793536,12.19623019,12.05166467,13.00906132,11.46416969,16.1051675,19.39998349,20.49665109,15.33697656,10.05130305,9.277172077,9.064908743,10.06319002,9.390045029,9.773984199,11.72621941
Thailand,no data,no data,no data,no data,no data,no data,no data,16.7585019,18.68694234,19.56731506,20.50110205,21.6554084,23.48851906,22.69302974,24.91639546,27.52988099,27.61917281,28.63178806,30.04097756,31.8382179,36.1837354,38.34990801,39.21396935,43.55334238,44.99663426,49.45028962,50.12572607,55.58437558,60.41404631,62.4940463,59.84505936,61.11066416,65.5146724,80.27066831,87.08570848,89.48509257,88.96830289,93.8653355,98.98290285,108.7103545,127.5352811,140.0761605,148.8716623,161.4742298,186.3842303,206.1702659,217.5196676,249.9914443,227.2279819,193.1221719,160.8647447,143.5464839,146.7147857,137.8339934,141.0146727,139.6584188,133.6538127,128.2299254,132.5138466,136.7271798,133.7865286,144.8844538,150.0279834,156.5478099,160.7899864,164.2881133,161.6660054,157.8602131,158.8337702,159.5072915,180.9146641,184.2661177,178.7121314,178.1124613
Timor-Leste,no data,no data,no data,no data,no data,no data,no data,no data,no data,no data,no data,no data,no data,no data,no data,no data,no data,no data,no data,no data,no data,no data,no data,no data,no data,no data,no data,no data,no data,no data,no data,no data,no data,no data,no data,no data,no data,no data,no data,no data,no data,no data,no data,no data,no data,no data,no data,no data,no data,no data,no data,no data,1.091468652,5.162792941,19.86110822,22.87464461,24.45759448,18.30398959,15.21827355,13.54845039,12.04103198,12.16616132,13.05001858,12.65788859,12.77683238,12.92347465,12.27424754,15.75904268,15.42624321,12.59288858,13.26350336,8.245988758,12.316812,20.22648908
Togo,no data,no data,no data,no data,no data,no data,no data,no data,no data,no data,5.096580378,6.105771661,5.848786316,6.041762482,5.739675434,3.53427305,3.705661891,4.37090655,6.056648545,5.379658114,6.573497338,6.646288535,6.510915147,8.83016775,9.14617919,11.8478682,13.91785802,14.64046268,14.92222516,15.12980265,15.42034502,13.95558801,15.27605145,13.44635225,13.44581323,12.27432451,14.55497702,15.42378661,14.45908466,13.15092197,13.30259282,14.67951022,14.73767271,16.65688442,10.95314217,11.81406624,11.34375028,10.77445468,11.77610019,10.19239226,10.46367148,9.502606358,8.495358721,10.51467358,9.662583292,10.46230595,11.48599179,15.82119398,13.44282152,13.90002052,15.49143713,19.82927803,21.67909512,27.01408108,25.27316919,28.96359043,30.23704658,29.45233611,27.68859237,27.42482255,27.07774133,26.71703779,28.13529037,28.05956361
Tonga,no data,no data,no data,no data,no data,no data,no data,no data,no data,no data,no data,no data,no data,no data,no data,no data,no data,no data,no data,no data,no data,no data,no data,no data,0.136569143,2.248468542,7.085286598,8.694521449,8.724744993,11.48162209,11.67308393,14.47459482,17.47882286,16.29573878,16.91850715,20.03275695,19.47088914,23.17977926,28.53540127,30.5051482,29.72449156,25.16616197,23.68460213,24.07704531,30.2163748,35.38665937,35.47261939,40.27079544,42.12685753,37.7282004,40.37347528,41.78857179,43.97067381,44.57368951,40.53961416,52.69367793,48.13009508,54.9942605,52.17462784,47.81194286,39.65572777,32.81658612,33.71931911,33.86992416,34.251934,37.24193586,40.99608302,41.80453153,43.597995,42.97073977,43.09949767,40.89590465,41.45845933,40.38383449
"Trkiye, Republic of",no data,no data,no data,no data,no data,no data,no data,no data,no data,no data,no data,no data,no data,no data,no data,no data,no data,no data,no data,no data,no data,no data,no data,no data,no data,no data,no data,no data,no data,no data,no data,no data,no data,no data,no data,no data,no data,no data,no data,no data,no data,no data,no data,no data,no data,no data,no data,no data,no data,no data,no data,no data,no data,no data,no data,no data,no data,no data,no data,no data,55.68850548,60.95925182,62.47799623,71.33728901,74.44714698,79.22617469,84.40768399,83.75919199,82.32663575,79.4561382,88.83296723,88.62158219,65.5876617,58.87630499
Uganda,no data,no data,no data,no data,no data,no data,no data,no data,no data,no data,4.958769467,4.982260319,5.867995487,5.726505928,6.368114007,6.525155049,7.210388253,6.991429393,5.222310727,5.72702139,5.191089324,4.867878162,4.761557378,5.115648459,5.346966269,4.181629819,3.78032012,2.75349108,2.243642577,1.534298204,2.181052581,2.948538249,2.191635155,2.473295139,1.304454959,1.761813736,1.68053131,1.623008307,1.607206269,1.912548592,2.072637661,2.257190646,2.542530394,3.240397359,3.120145019,3.394801499,4.005692441,3.514149796,4.161610162,4.322230113,4.16591844,4.956999539,5.513315024,6.006950817,6.009726967,6.128868207,7.040995853,7.08866447,8.755886911,8.126640725,10.10381656,10.59116095,10.68094529,10.61345908,11.23890859,12.01914035,12.15727895,11.7104101,11.75543229,11.96474777,12.87174105,12.82142838,12.40447576,12.39501026
Ukraine,no data,no data,no data,no data,no data,no data,no data,no data,no data,no data,no data,no data,no data,no data,no data,no data,no data,no data,no data,no data,no data,no data,no data,no data,no data,no data,no data,no data,no data,no data,no data,no data,no data,no data,no data,no data,no data,no data,no data,no data,no data,no data,no data,no data,no data,7.841247326,7.499914365,9.288634814,11.63779915,14.34944166,16.51279855,19.65453073,26.12762061,34.40785954,39.15857797,47.50347632,62.6460027,78.8047984,105.3860121,110.1845181,97.69016297,91.10599937,91.2521289,95.7376915,118.2276486,107.5414326,94.92847256,77.2439899,66.10947664,53.89073409,55.83706833,44.6164526,54.69749273,44.99547634
United Kingdom,no data,no data,no data,no data,no data,no data,no data,no data,no data,no data,no data,no data,no data,48.92582032,52.2158663,55.37175788,58.50178348,59.26651411,58.07205954,57.12625675,57.81128576,57.00972818,64.79933997,64.48865799,62.45502901,57.95933036,58.90747663,56.34565359,55.79515688,55.87222431,56.81386314,60.84016817,65.56869176,68.42807822,75.96660669,77.34630876,84.66233766,88.45069232,98.38774985,107.0071311,114.6794038,114.7392489,115.8001242,114.3111365,110.8640419,111.991266,108.6997373,112.0282566,120.0274211,128.7143613,136.0111088,144.3861325,154.3885167,154.5873353,158.1503466,165.6500201,172.1943999,175.9869795,185.2773594,185.222643,177.0466376,172.4743924,173.1275621,167.4591506,159.9682472,157.7680306,163.301492,163.7263131,158.546841,156.9877807,176.6841329,163.8513608,148.4542603,140.6155228
United States,55.31463443,53.65722791,56.55550468,58.01653226,62.57355806,65.34024299,68.08606775,69.86960304,73.7232155,74.92356751,77.8811084,81.02820209,82.02451312,85.31688325,86.94066332,88.12374608,87.44557723,90.54861793,90.03142306,90.75079258,92.17593818,93.27562877,95.3346611,96.80455025,99.17235925,96.47794672,94.98339237,97.17285195,98.52872885,100.6308698,101.4207344,99.4073947,101.9379149,103.43242,106.5813035,113.1103941,119.3855392,122.6536224,124.9155674,125.247093,125.0699927,123.1124734,119.2248853,118.8458202,119.3754846,121.4695507,122.3489045,124.0791368,129.3986147,133.9528147,136.7430336,141.4130227,145.6229699,149.3516753,153.2361614,157.5732407,164.087698,170.8570738,170.7577937,169.5430669,160.6936021,156.0344173,152.6526783,151.7045971,150.6971356,150.9386718,152.6504794,154.3540467,153.6220153,153.3912292,164.7954959,160.5014824,156.1172851,150.1455086
Vanuatu,no data,no data,no data,no data,no data,no data,no data,no data,no data,no data,no data,no data,no data,no data,no data,no data,no data,no data,no data,no data,no data,no data,no data,no data,no data,no data,51.00726737,46.70620397,51.01286671,35.53666647,31.97004255,31.37538449,29.52510198,29.93815614,28.05237826,27.34484802,29.52432642,29.91847181,30.09581556,30.23679691,33.27187844,29.8628806,35.49736864,35.06675449,33.54213363,32.46351182,33.54830711,30.30960586,31.70699913,35.14549186,30.86544163,32.80468783,36.28949471,37.88790371,39.09753695,42.98087976,41.86424678,43.21541646,54.73878857,64.58381523,67.22767247,68.99912778,73.40434337,72.39700803,74.90147126,71.39495713,67.87669968,63.93439071,61.01484936,57.88222429,59.13605962,59.87438219,55.76001897,53.10360924
Zambia,no data,no data,no data,no data,no data,no data,no data,no data,no data,no data,no data,no data,no data,no data,no data,8.307448307,10.59974582,12.37657099,10.28678484,10.31152813,14.61898084,14.69035695,13.30374146,13.43443831,22.67725805,21.58439139,17.03129746,15.41583743,11.88723876,12.62767304,12.82498146,16.21392766,17.87771662,17.40072536,10.23169873,7.857982461,7.585046907,7.559256476,8.343370213,10.14062581,7.301191726,6.425267456,4.646483056,4.212163962,5.505762638,7.22813906,7.985904761,6.761559636,5.906687446,6.362073627,7.301835017,6.300764619,5.259811605,5.802427209,6.878708401,6.483073144,8.040360954,9.572418972,12.15614986,9.920979331,9.105573418,9.970395724,11.89138441,11.58687401,13.28646922,15.62865371,12.00545546,11.09915785,11.58576254,12.43277451,12.17888119,8.44018895,10.1685993,12.4739636
Zimbabwe,no data,no data,no data,no data,no data,no data,no data,no data,no data,no data,no data,no data,no data,no data,no data,no data,no data,no data,no data,no data,no data,no data,no data,no data,no data,no data,no data,no data,no data,0.007725797,no data,1.631430554,0.690890724,3.992056061,10.48467884,11.99341673,12.13666463,15.70636724,19.4247209,25.07505531,12.37787307,15.28035698,18.70318763,21.80480661,21.22171031,24.79000928,21.54409091,26.58099655,24.81541915,16.16158328,21.56249904,27.72415723,84.81197208,53.16815667,17.04778478,14.94879881,no data,no data,no data,7.159107402,13.54362895,18.98323589,20.14062022,18.7319126,19.21037138,18.31568566,17.09856236,16.8751082,5.830264969,5.237706363,5.415074173,6.988542902,8.78568463,8.837762016
,,,,,,,,,,,,,,,,,,,,,,,,,,,,,,,,,,,,,,,,,,,,,,,,,,,,,,,,,,,,,,,,,,,,,,,,,,
"?IMF, 2025",,,,,,,,,,,,,,,,,,,,,,,,,,,,,,,,,,,,,,,,,,,,,,,,,,,,,,,,,,,,,,,,,,,,,,,,,,
